source_route,canonical_url,title,category,indexability,archive_order
post/are-detox-cleanses-permanent.html,/blog/are-detox-cleanses-permanent.html,Are Detox Cleanses Permanent?,Retail Education,index,1
post/can-my-tattoo-be-covered-up.html,/blog/can-my-tattoo-be-covered-up.html,Can My Tattoo Be Covered Up???,Tattoo Planning,index,2
post/cbdforpets.html,/blog/cbdforpets.html,What Medical Conditions CBD for Dogs Help With,Your Community,index,3
post/cbdforpets1.html,/blog/cbdforpets1.html,Ways to Give your Dog CBD,Your Community,index,4
post/cbdforpets2.html,/blog/cbdforpets2.html,Benefits of CBD Dog Treats,Your Community,index,5
post/davinci-miqro.html,/blog/davinci-miqro.html,DAVINCI MIQRO,Your Community,index,6
post/firsttattoo.html,/blog/firsttattoo.html,Tips for choosing your first Tattoo,Your Community,index,7
post/honeystick-beekeeper-conceal-essential-oil-vaporizer.html,/blog/honeystick-beekeeper-conceal-essential-oil-vaporizer.html,Honeystick Beekeeper - Conceal Essential Oil Vaporizer,Tattoo Planning,index,8
post/kandypens-k-stick.html,/blog/kandypens-k-stick.html,KANDYPENS K-STICK,Retail Education,index,9
post/levo-oil-butter-maker.html,/blog/levo-oil-butter-maker.html,LEVO oil & butter maker.,Retail Education,index,10
post/now-in-store-dr-dabber-switch.html,/blog/now-in-store-dr-dabber-switch.html,NOW in Store DR. Dabber SWITCH,Retail Education,index,11
post/tattooaftercare.html,/blog/tattooaftercare.html,Taking Care of a Tattoo,Aftercare,index,12
post/tips-for-a-successful-cover-up-tattoo.html,/blog/tips-for-a-successful-cover-up-tattoo.html,Tips for a Successful Cover Up Tattoo,Tattoo Planning,index,13
post/what-is-detox.html,/blog/what-is-detox.html,"What is ""Detox""",Retail Education,index,14
post/what-to-do-if-your-tattoo-or-piercing-itches.html,/blog/what-to-do-if-your-tattoo-or-piercing-itches.html,What to do if your Tattoo or Piercing itches...,Aftercare,index,15
