url,page_type,source_evidence,indexability,included_in_sitemap
/,service,index.html,index,yes
/products/additive-x-stream-synthentic-urine.html,product,product-page/additive-x-stream-synthentic-urine.html,index,yes
/products/ascent-oil-jars.html,product,product-page/ascent-oil-jars.html,index,yes
/products/ascentst-g-adapter.html,product,product-page/ascentst-g-adapter.html,index,yes
/products/ascentst-u-adapter.html,product,product-page/ascentst-u-adapter.html,index,yes
/products/assisted-dug-cut.html,product,product-page/assisted-dug-cut.html,index,yes
/products/asvape-michael-box.html,product,product-page/asvape-michael-box.html,index,yes
/products/atmos-grinder.html,product,product-page/atmos-grinder.html,index,yes
/products/atmosnail.html,product,product-page/atmosnail.html,index,yes
/products/badwood-g-pen.html,product,product-page/badwood-g-pen.html,index,yes
/products/bb-st-0g-5-8.html,product,product-page/bb-st-0g-5-8.html,index,yes
/products/bb-st-10g-1-2.html,product,product-page/bb-st-10g-1-2.html,index,yes
/products/bb-st-10g-3-4.html,product,product-page/bb-st-10g-3-4.html,index,yes
/products/bb-st-12g-1-2.html,product,product-page/bb-st-12g-1-2.html,index,yes
/products/bb-st-12g-5-8.html,product,product-page/bb-st-12g-5-8.html,index,yes
/products/bb-st-12g-7-16.html,product,product-page/bb-st-12g-7-16.html,index,yes
/products/bb-st-12g-7-8.html,product,product-page/bb-st-12g-7-8.html,index,yes
/products/bb-st-14g-7-8.html,product,product-page/bb-st-14g-7-8.html,index,yes
/products/bb-st-2g-5-8.html,product,product-page/bb-st-2g-5-8.html,index,yes
/products/bb-st-6g-5-8.html,product,product-page/bb-st-6g-5-8.html,index,yes
/products/bubbler.html,product,product-page/bubbler.html,index,yes
/products/cbb-st-10g-1-2-cone.html,product,product-page/cbb-st-10g-1-2-cone.html,index,yes
/products/cbb-st-10g-1-2-reg-ball.html,product,product-page/cbb-st-10g-1-2-reg-ball.html,index,yes
/products/cbb-st-12g-3-8-cone.html,product,product-page/cbb-st-12g-3-8-cone.html,index,yes
/products/cbb-st-12g-7-16-gem-reg-clear.html,product,product-page/cbb-st-12g-7-16-gem-reg-clear.html,index,yes
/products/cbr-st-10g-1-2-gem-ball-clear.html,product,product-page/cbr-st-10g-1-2-gem-ball-clear.html,index,yes
/products/cbr-st-12g-1-2-1.html,product,product-page/cbr-st-12g-1-2-1.html,index,yes
/products/cbr-st-12g-1-2-gem-ball-clear.html,product,product-page/cbr-st-12g-1-2-gem-ball-clear.html,index,yes
/products/cbr-st-12g-1-2.html,product,product-page/cbr-st-12g-1-2.html,index,yes
/products/cbr-st-12g-3-8.html,product,product-page/cbr-st-12g-3-8.html,index,yes
/products/cbr-st-12g-5-8-1.html,product,product-page/cbr-st-12g-5-8-1.html,index,yes
/products/cbr-st-12g-5-8.html,product,product-page/cbr-st-12g-5-8.html,index,yes
/products/cbr-st-12g-7-16-1.html,product,product-page/cbr-st-12g-7-16-1.html,index,yes
/products/cbr-st-12g-7-16.html,product,product-page/cbr-st-12g-7-16.html,index,yes
/products/cbr-st-8g-1-2-gem-ball-clear.html,product,product-page/cbr-st-8g-1-2-gem-ball-clear.html,index,yes
/products/clear-hit-1.html,product,product-page/clear-hit-1.html,index,yes
/products/clear-hit.html,product,product-page/clear-hit.html,index,yes
/products/copy-of-atmos-nail.html,product,product-page/copy-of-atmos-nail.html,index,yes
/products/copy-of-cbr-st-12g3-8.html,product,product-page/copy-of-cbr-st-12g3-8.html,index,yes
/products/copy-of-glass-pipe.html,product,product-page/copy-of-glass-pipe.html,index,yes
/products/detoxify-ever-clean.html,product,product-page/detoxify-ever-clean.html,index,yes
/products/detoxify-green-clean.html,product,product-page/detoxify-green-clean.html,index,yes
/products/detoxify-instant-clean.html,product,product-page/detoxify-instant-clean.html,index,yes
/products/detoxify-mega-clean.html,product,product-page/detoxify-mega-clean.html,index,yes
/products/detoxify-mighty-clean.html,product,product-page/detoxify-mighty-clean.html,index,yes
/products/detoxify-pre-cleanse-caps.html,product,product-page/detoxify-pre-cleanse-caps.html,index,yes
/products/detoxify-ready-clean-grape-tropical-orange.html,product,product-page/detoxify-ready-clean-grape-tropical-orange.html,index,yes
/products/detoxify-xxtra-clean.html,product,product-page/detoxify-xxtra-clean.html,index,yes
/products/dr-dabber-switch.html,product,product-page/dr-dabber-switch.html,index,yes
/products/dr-greens-cool-rinse-mouthwash.html,product,product-page/dr-greens-cool-rinse-mouthwash.html,index,yes
/products/dr-greens-field-kit.html,product,product-page/dr-greens-field-kit.html,index,yes
/products/e-cig-hibron-h10.html,product,product-page/e-cig-hibron-h10.html,index,yes
/products/e-pipe-mod.html,product,product-page/e-pipe-mod.html,index,yes
/products/evolve-d-dry-herb-pen-from-yocan.html,product,product-page/evolve-d-dry-herb-pen-from-yocan.html,index,yes
/products/g-pen-slim-quartz.html,product,product-page/g-pen-slim-quartz.html,index,yes
/products/glass-pipe-1.html,product,product-page/glass-pipe-1.html,index,yes
/products/glass-pipe-2.html,product,product-page/glass-pipe-2.html,index,yes
/products/glass-pipe.html,product,product-page/glass-pipe.html,index,yes
/products/grinder-rasta.html,product,product-page/grinder-rasta.html,index,yes
/products/grinder-sm-metal.html,product,product-page/grinder-sm-metal.html,index,yes
/products/grinder-sm-plastic.html,product,product-page/grinder-sm-plastic.html,index,yes
/products/grinder.html,product,product-page/grinder.html,index,yes
/products/high-voltage-2-pk-32-oz.html,product,product-page/high-voltage-2-pk-32-oz.html,index,yes
/products/high-voltage-double-flush.html,product,product-page/high-voltage-double-flush.html,index,yes
/products/high-voltage-mouthwash.html,product,product-page/high-voltage-mouthwash.html,index,yes
/products/high-voltage-permanent-tropical-5-day-cleanse.html,product,product-page/high-voltage-permanent-tropical-5-day-cleanse.html,index,yes
/products/high-voltage-regular-strength-16-oz.html,product,product-page/high-voltage-regular-strength-16-oz.html,index,yes
/products/high-voltage-shampoo.html,product,product-page/high-voltage-shampoo.html,index,yes
/products/high-voltage-xl-shot.html,product,product-page/high-voltage-xl-shot.html,index,yes
/products/hip-vape.html,product,product-page/hip-vape.html,index,yes
/products/hookah-coals.html,product,product-page/hookah-coals.html,index,yes
/products/i-o-lite-vaporizer.html,product,product-page/i-o-lite-vaporizer.html,index,yes
/products/just-chill-jungle.html,product,product-page/just-chill-jungle.html,index,yes
/products/just-chill-strawberry.html,product,product-page/just-chill-strawberry.html,index,yes
/products/k-stick-supreme.html,product,product-page/k-stick-supreme.html,index,yes
/products/kamry-30-box.html,product,product-page/kamry-30-box.html,index,yes
/products/levo-ii.html,product,product-page/levo-ii.html,index,yes
/products/metal-pipe.html,product,product-page/metal-pipe.html,index,yes
/products/mini-2-hose-hookah.html,product,product-page/mini-2-hose-hookah.html,index,yes
/products/nail-crown-silk-lblue.html,product,product-page/nail-crown-silk-lblue.html,index,yes
/products/naked-vape-juice.html,product,product-page/naked-vape-juice.html,index,yes
/products/nano-nbw-waxy-kit.html,product,product-page/nano-nbw-waxy-kit.html,index,yes
/products/p-sure.html,product,product-page/p-sure.html,index,yes
/products/pax-3.html,product,product-page/pax-3.html,index,yes
/products/phoenix-drip-tip.html,product,product-page/phoenix-drip-tip.html,index,yes
/products/plastic-grinder.html,product,product-page/plastic-grinder.html,index,yes
/products/q-carbo-32.html,product,product-page/q-carbo-32.html,index,yes
/products/randy-aqua-pilot.html,product,product-page/randy-aqua-pilot.html,index,yes
/products/raw-classic-artesano-1.html,product,product-page/raw-classic-artesano-1.html,index,yes
/products/raw-classic-king-size-rolls.html,product,product-page/raw-classic-king-size-rolls.html,index,yes
/products/raw-classic-kingsize-slim.html,product,product-page/raw-classic-kingsize-slim.html,index,yes
/products/raw-classic-single-wide.html,product,product-page/raw-classic-single-wide.html,index,yes
/products/raw-hemp-plastic-roller.html,product,product-page/raw-hemp-plastic-roller.html,index,yes
/products/raw-hemp-wick-10ft.html,product,product-page/raw-hemp-wick-10ft.html,index,yes
/products/raw-organic-hemp-1.html,product,product-page/raw-organic-hemp-1.html,index,yes
/products/raw-pre-rolled-tips.html,product,product-page/raw-pre-rolled-tips.html,index,yes
/products/raw-rolling-mat.html,product,product-page/raw-rolling-mat.html,index,yes
/products/small-glass-pipe.html,product,product-page/small-glass-pipe.html,index,yes
/products/snail-lookah.html,product,product-page/snail-lookah.html,index,yes
/products/stat-1-hr-flush-caps.html,product,product-page/stat-1-hr-flush-caps.html,index,yes
/products/studs.html,product,product-page/studs.html,index,yes
/products/the-yocan-evolve-dual-quartz-wax-pen.html,product,product-page/the-yocan-evolve-dual-quartz-wax-pen.html,index,yes
/products/the-yocan-evolve-plus.html,product,product-page/the-yocan-evolve-plus.html,index,yes
/products/ultra-eliminex.html,product,product-page/ultra-eliminex.html,index,yes
/products/vapir-oxygen-w-battery.html,product,product-page/vapir-oxygen-w-battery.html,index,yes
/products/vaporizer-arizer-solo.html,product,product-page/vaporizer-arizer-solo.html,index,yes
/products/vitacig.html,product,product-page/vitacig.html,index,yes
/products/wp-sillicon-1.html,product,product-page/wp-sillicon-1.html,index,yes
/products/wp-sillicon-10-geometric.html,product,product-page/wp-sillicon-10-geometric.html,index,yes
/products/wp-sillicon-2.html,product,product-page/wp-sillicon-2.html,index,yes
/products/wp-sillicon-elephant.html,product,product-page/wp-sillicon-elephant.html,index,yes
/products/wp-sillicon-glow.html,product,product-page/wp-sillicon-glow.html,index,yes
/products/wp-sillicon-heart.html,product,product-page/wp-sillicon-heart.html,index,yes
/products/wp-sillicon-jar.html,product,product-page/wp-sillicon-jar.html,index,yes
/products/wp-sillicon-l-n-monster.html,product,product-page/wp-sillicon-l-n-monster.html,index,yes
/products/wp-sillicon-pad.html,product,product-page/wp-sillicon-pad.html,index,yes
/products/wp-sillicon-pipe-metal.html,product,product-page/wp-sillicon-pipe-metal.html,index,yes
/products/wp-sillicon-pumpkin.html,product,product-page/wp-sillicon-pumpkin.html,index,yes
/products/wp-sillicon-rasta.html,product,product-page/wp-sillicon-rasta.html,index,yes
/products/wp-sillicon-riffle.html,product,product-page/wp-sillicon-riffle.html,index,yes
/products/wp-sillicon-skull-pink.html,product,product-page/wp-sillicon-skull-pink.html,index,yes
/products/wp-sillicon-skull.html,product,product-page/wp-sillicon-skull.html,index,yes
/products/wp-sillicon.html,product,product-page/wp-sillicon.html,index,yes
/products/yocan-nyx.html,product,product-page/yocan-nyx.html,index,yes
/products/zydot-shampoo.html,product,product-page/zydot-shampoo.html,index,yes
/blog/,blog_archive,blog.html,index,yes
/blog/davinci-miqro.html,blog_post,post/davinci-miqro.html,index,yes
/blog/kandypens-k-stick.html,blog_post,post/kandypens-k-stick.html,index,yes
/blog/levo-oil-butter-maker.html,blog_post,post/levo-oil-butter-maker.html,index,yes
/blog/now-in-store-dr-dabber-switch.html,blog_post,post/now-in-store-dr-dabber-switch.html,index,yes
/blog/are-detox-cleanses-permanent.html,blog_post,post/are-detox-cleanses-permanent.html,index,yes
/blog/can-my-tattoo-be-covered-up.html,blog_post,post/can-my-tattoo-be-covered-up.html,index,yes
/blog/cbdforpets.html,blog_post,post/cbdforpets.html,index,yes
/blog/cbdforpets1.html,blog_post,post/cbdforpets1.html,index,yes
/blog/cbdforpets2.html,blog_post,post/cbdforpets2.html,index,yes
/blog/firsttattoo.html,blog_post,post/firsttattoo.html,index,yes
/blog/honeystick-beekeeper-conceal-essential-oil-vaporizer.html,blog_post,post/honeystick-beekeeper-conceal-essential-oil-vaporizer.html,index,yes
/blog/tattooaftercare.html,blog_post,post/tattooaftercare.html,index,yes
/blog/tips-for-a-successful-cover-up-tattoo.html,blog_post,post/tips-for-a-successful-cover-up-tattoo.html,index,yes
/blog/what-is-detox.html,blog_post,post/what-is-detox.html,index,yes
/blog/what-to-do-if-your-tattoo-or-piercing-itches.html,blog_post,post/what-to-do-if-your-tattoo-or-piercing-itches.html,index,yes
/artists/,artist,artist.html,index,yes
/artists/charlie.html,artist,charlie.html,index,yes
/artists/tank.html,artist,tank.html,index,yes
/piercing/,service,price-list-1.html,index,yes
/services/contact.html,service,contact.html,index,yes
/faq/,service,faq.html,index,yes
/tattoo/,service,gallery.html,index,yes
/services/locations.html,service,locations.html,index,yes
/reviews/,service,reviews.html,index,yes
/smoke-shop/,service,smoke-shop.html,index,yes
/tooth-gems/,service,toothgems.html,index,yes
/shop/,shop_catalog,shop.html,index,yes
