source_route,product,canonical_url,product_truth_status,media_status,public_inclusion_status,suppression_reason,category,price,inventory_status,source_confidence,image,image_width,image_height,image_bytes,image_source_status
product-page/additive-x-stream-synthentic-urine.html,ADDITIVE X STREAM SYNTHENTIC URINE,/products/additive-x-stream-synthentic-urine.html,extracted_from_wix_stores_warmup_data,localized_product_asset,include,,Detox / Cleanses,$34.99,in_stock,wix stores warmup data,assets/products/additive-x-stream-synthentic-urine/additive-x-stream-synthentic-urine.jpg,217,300,24465,downloaded
product-page/ascent-oil-jars.html,ASCENT OIL JARS,/products/ascent-oil-jars.html,extracted_from_wix_stores_warmup_data,localized_product_asset,include,,Other Products,$14.99,in_stock,wix stores warmup data,assets/products/ascent-oil-jars/ascent-oil-jars.jpg,500,375,33749,local
product-page/ascentst-g-adapter.html,ASCENTST G/ADAPTER,/products/ascentst-g-adapter.html,extracted_from_wix_stores_warmup_data,localized_product_asset,include,,Other Products,$29.99,in_stock,wix stores warmup data,assets/products/ascentst-g-adapter/ascentst-g-adapter.jpg,500,375,31531,local
product-page/ascentst-u-adapter.html,ASCENTST U/ADAPTER,/products/ascentst-u-adapter.html,extracted_from_wix_stores_warmup_data,localized_product_asset,include,,Other Products,$42.99,in_stock,wix stores warmup data,assets/products/ascentst-u-adapter/ascentst-u-adapter.jpg,500,375,34521,local
product-page/assisted-dug-cut.html,Assisted Dug Cut,/products/assisted-dug-cut.html,extracted_from_wix_stores_warmup_data,localized_product_asset,include,,Smoke Accessories,$12.99,in_stock,wix stores warmup data,assets/products/assisted-dug-cut/assisted-dug-cut.jpg,280,500,40737,downloaded
product-page/asvape-michael-box.html,ASvape MICHAEL Box,/products/asvape-michael-box.html,extracted_from_wix_stores_warmup_data,localized_product_asset,include,,Vaporizers,$75.00,in_stock,wix stores warmup data,assets/products/asvape-michael-box/asvape-michael-box.jpg,500,500,46351,local
product-page/atmos-grinder.html,ATMOS GRINDER,/products/atmos-grinder.html,extracted_from_wix_stores_warmup_data,localized_product_asset,include,,Smoke Accessories,$35.00,in_stock,wix stores warmup data,assets/products/atmos-grinder/atmos-grinder.jpg,500,375,48395,local
product-page/atmosnail.html,ATMOS NAIL,/products/atmosnail.html,extracted_from_wix_stores_warmup_data,localized_product_asset,include,,Smoke Accessories,$65.00,in_stock,wix stores warmup data,assets/products/atmosnail/atmosnail.png,500,309,220668,local
product-page/badwood-g-pen.html,BADWOOD G-PEN,/products/badwood-g-pen.html,extracted_from_wix_stores_warmup_data,localized_product_asset,include,,Vaporizers,$150.00,in_stock,wix stores warmup data,assets/products/badwood-g-pen/badwood-g-pen.jpeg,500,333,40846,local
product-page/bb-st-0g-5-8.html,BB-ST-0G 5/8,/products/bb-st-0g-5-8.html,extracted_from_wix_stores_warmup_data,localized_product_asset,include,,Body Jewelry,$12.00,in_stock,wix stores warmup data,assets/products/bb-st-0g-5-8/bb-st-0g-5-8.jpg,500,319,62091,downloaded
product-page/bb-st-10g-1-2.html,BB-ST-10G 1/2,/products/bb-st-10g-1-2.html,extracted_from_wix_stores_warmup_data,localized_product_asset,include,,Body Jewelry,$12.00,in_stock,wix stores warmup data,assets/products/bb-st-10g-1-2/bb-st-10g-1-2.jpg,395,395,3808,local
product-page/bb-st-10g-3-4.html,BB-ST-10G 3/4,/products/bb-st-10g-3-4.html,extracted_from_wix_stores_warmup_data,localized_product_asset,include,,Body Jewelry,$12.00,in_stock,wix stores warmup data,assets/products/bb-st-10g-3-4/bb-st-10g-3-4.jpeg,450,450,9261,local
product-page/bb-st-12g-1-2.html,BB-ST-12G 1/2,/products/bb-st-12g-1-2.html,extracted_from_wix_stores_warmup_data,localized_product_asset,include,,Body Jewelry,$12.00,in_stock,wix stores warmup data,assets/products/bb-st-12g-1-2/bb-st-12g-1-2.jpeg,450,450,9580,local
product-page/bb-st-12g-5-8.html,BB-ST-12G 5/8,/products/bb-st-12g-5-8.html,extracted_from_wix_stores_warmup_data,localized_product_asset,include,,Body Jewelry,$12.00,in_stock,wix stores warmup data,assets/products/bb-st-12g-5-8/bb-st-12g-5-8.jpg,500,500,5595,local
product-page/bb-st-12g-7-16.html,BB-ST-12G 7/16,/products/bb-st-12g-7-16.html,extracted_from_wix_stores_warmup_data,localized_product_asset,include,,Body Jewelry,$12.00,in_stock,wix stores warmup data,assets/products/bb-st-12g-7-16/bb-st-12g-7-16.jpg,300,300,17805,local
product-page/bb-st-12g-7-8.html,BB-ST-12G 7/8,/products/bb-st-12g-7-8.html,extracted_from_wix_stores_warmup_data,localized_product_asset,include,,Body Jewelry,$12.00,in_stock,wix stores warmup data,assets/products/bb-st-12g-7-8/bb-st-12g-7-8.jpg,500,500,29471,downloaded
product-page/bb-st-14g-7-8.html,BB-ST-14G 7/8,/products/bb-st-14g-7-8.html,extracted_from_wix_stores_warmup_data,localized_product_asset,include,,Body Jewelry,$12.00,in_stock,wix stores warmup data,assets/products/bb-st-14g-7-8/bb-st-14g-7-8.jpg,420,420,7917,local
product-page/bb-st-2g-5-8.html,BB-ST-2G 5/8,/products/bb-st-2g-5-8.html,extracted_from_wix_stores_warmup_data,localized_product_asset,include,,Body Jewelry,$12.00,in_stock,wix stores warmup data,assets/products/bb-st-2g-5-8/bb-st-2g-5-8.jpg,299,323,4572,local
product-page/bb-st-6g-5-8.html,BB-ST-6G 5/8,/products/bb-st-6g-5-8.html,extracted_from_wix_stores_warmup_data,localized_product_asset,include,,Body Jewelry,$12.00,in_stock,wix stores warmup data,assets/products/bb-st-6g-5-8/bb-st-6g-5-8.jpg,500,500,6247,downloaded
product-page/bubbler.html,Bubbler,/products/bubbler.html,extracted_from_wix_stores_warmup_data,localized_product_asset,include,,Smoke Accessories,$24.99,in_stock,wix stores warmup data,assets/products/bubbler/bubbler.jpg,376,500,74881,downloaded
product-page/cbb-st-10g-1-2-cone.html,CBB-ST-10G 1/2 CONE,/products/cbb-st-10g-1-2-cone.html,extracted_from_wix_stores_warmup_data,localized_product_asset,include,,Body Jewelry,$10.00,in_stock,wix stores warmup data,assets/products/cbb-st-10g-1-2-cone/cbb-st-10g-1-2-cone.jpg,460,499,22156,downloaded
product-page/cbb-st-10g-1-2-reg-ball.html,CBB-ST-10G 1/2 REG BALL,/products/cbb-st-10g-1-2-reg-ball.html,extracted_from_wix_stores_warmup_data,localized_product_asset,include,,Body Jewelry,$10.00,in_stock,wix stores warmup data,assets/products/cbb-st-10g-1-2-reg-ball/cbb-st-10g-1-2-reg-ball.jpg,383,500,24423,downloaded
product-page/cbb-st-12g-3-8-cone.html,CBB-ST-12G 3/8 CONE,/products/cbb-st-12g-3-8-cone.html,extracted_from_wix_stores_warmup_data,localized_product_asset,include,,Body Jewelry,$10.00,in_stock,wix stores warmup data,assets/products/cbb-st-12g-3-8-cone/cbb-st-12g-3-8-cone.jpg,460,499,22156,downloaded
product-page/cbb-st-12g-7-16-gem-reg-clear.html,CBB-ST-12G 7/16 REG BALL,/products/cbb-st-12g-7-16-gem-reg-clear.html,extracted_from_wix_stores_warmup_data,localized_product_asset,include,,Body Jewelry,$10.00,in_stock,wix stores warmup data,assets/products/cbb-st-12g-7-16-gem-reg-clear/cbb-st-12g-7-16-gem-reg-clear.jpg,383,500,24423,downloaded
product-page/cbr-st-10g-1-2-gem-ball-clear.html,CBR-ST-10G 1/2 GEM BALL CLEAR,/products/cbr-st-10g-1-2-gem-ball-clear.html,extracted_from_wix_stores_warmup_data,localized_product_asset,include,,Body Jewelry,$12.00,in_stock,wix stores warmup data,assets/products/cbr-st-10g-1-2-gem-ball-clear/cbr-st-10g-1-2-gem-ball-clear.jpg,466,500,25535,downloaded
product-page/cbr-st-12g-1-2-1.html,CBR-ST-12G 1/2,/products/cbr-st-12g-1-2-1.html,extracted_from_wix_stores_warmup_data,localized_product_asset,include,,Body Jewelry,$12.00,in_stock,wix stores warmup data,assets/products/cbr-st-12g-1-2-1/cbr-st-12g-1-2-1.jpg,466,500,25535,downloaded
product-page/cbr-st-12g-1-2-gem-ball-clear.html,CBR-ST-12G 1/2 GEM BALL CLEAR,/products/cbr-st-12g-1-2-gem-ball-clear.html,extracted_from_wix_stores_warmup_data,localized_product_asset,include,,Body Jewelry,$12.00,in_stock,wix stores warmup data,assets/products/cbr-st-12g-1-2-gem-ball-clear/cbr-st-12g-1-2-gem-ball-clear.jpg,466,500,25535,downloaded
product-page/cbr-st-12g-1-2.html,CBR-ST 12G 1/2,/products/cbr-st-12g-1-2.html,extracted_from_wix_stores_warmup_data,localized_product_asset,include,,Body Jewelry,$12.00,in_stock,wix stores warmup data,assets/products/cbr-st-12g-1-2/cbr-st-12g-1-2.jpg,190,163,4039,downloaded
product-page/cbr-st-12g-3-8.html,CBR-ST-12G 3/8,/products/cbr-st-12g-3-8.html,extracted_from_wix_stores_warmup_data,localized_product_asset,include,,Body Jewelry,$12.00,in_stock,wix stores warmup data,assets/products/cbr-st-12g-3-8/cbr-st-12g-3-8.jpg,466,500,25535,downloaded
product-page/cbr-st-12g-5-8-1.html,CBR-ST-12G 5/8,/products/cbr-st-12g-5-8-1.html,extracted_from_wix_stores_warmup_data,localized_product_asset,include,,Body Jewelry,$12.00,in_stock,wix stores warmup data,assets/products/cbr-st-12g-5-8-1/cbr-st-12g-5-8-1.jpg,466,500,25535,downloaded
product-page/cbr-st-12g-5-8.html,CBR-ST 12G 5/8,/products/cbr-st-12g-5-8.html,extracted_from_wix_stores_warmup_data,localized_product_asset,include,,Body Jewelry,$12.00,in_stock,wix stores warmup data,assets/products/cbr-st-12g-5-8/cbr-st-12g-5-8.jpg,190,163,4039,downloaded
product-page/cbr-st-12g-7-16-1.html,CBR-ST-12G 7/16,/products/cbr-st-12g-7-16-1.html,extracted_from_wix_stores_warmup_data,localized_product_asset,include,,Body Jewelry,$12.00,in_stock,wix stores warmup data,assets/products/cbr-st-12g-7-16-1/cbr-st-12g-7-16-1.jpg,466,500,25535,downloaded
product-page/cbr-st-12g-7-16.html,CBR-ST 12G 7/16,/products/cbr-st-12g-7-16.html,extracted_from_wix_stores_warmup_data,localized_product_asset,include,,Body Jewelry,$12.00,in_stock,wix stores warmup data,assets/products/cbr-st-12g-7-16/cbr-st-12g-7-16.jpg,190,163,4039,downloaded
product-page/cbr-st-8g-1-2-gem-ball-clear.html,CBR-ST-8G 1/2 GEM BALL CLEAR,/products/cbr-st-8g-1-2-gem-ball-clear.html,extracted_from_wix_stores_warmup_data,localized_product_asset,include,,Body Jewelry,$12.00,in_stock,wix stores warmup data,assets/products/cbr-st-8g-1-2-gem-ball-clear/cbr-st-8g-1-2-gem-ball-clear.jpg,466,500,25535,downloaded
product-page/clear-hit-1.html,Clear Hit,/products/clear-hit-1.html,extracted_from_wix_stores_warmup_data,localized_product_asset,include,,Smoke Accessories,$39.99,in_stock,wix stores warmup data,assets/products/clear-hit-1/clear-hit-1.jpg,500,342,45074,downloaded
product-page/clear-hit.html,Clear Hit,/products/clear-hit.html,extracted_from_wix_stores_warmup_data,localized_product_asset,include,,Smoke Accessories,$19.99,in_stock,wix stores warmup data,assets/products/clear-hit/clear-hit.jpg,500,300,39772,downloaded
product-page/copy-of-atmos-nail.html,NAIL CROWN SILK BLACK,/products/copy-of-atmos-nail.html,extracted_from_wix_stores_warmup_data,localized_product_asset,include,,Other Products,$19.99,in_stock,wix stores warmup data,assets/products/copy-of-atmos-nail/copy-of-atmos-nail.jpg,300,300,7261,local
product-page/copy-of-cbr-st-12g3-8.html,CBR-ST 12G 3/8,/products/copy-of-cbr-st-12g3-8.html,extracted_from_wix_stores_warmup_data,localized_product_asset,include,,Other Products,$12.00,in_stock,wix stores warmup data,assets/products/copy-of-cbr-st-12g3-8/copy-of-cbr-st-12g3-8.jpg,190,163,4039,downloaded
product-page/copy-of-glass-pipe.html,Glass Pipe,/products/copy-of-glass-pipe.html,extracted_from_wix_stores_warmup_data,localized_product_asset,include,,Smoke Accessories,$16.99,in_stock,wix stores warmup data,assets/products/copy-of-glass-pipe/copy-of-glass-pipe.jpg,280,500,45917,downloaded
product-page/detoxify-ever-clean.html,DETOXIFY EVER CLEAN,/products/detoxify-ever-clean.html,extracted_from_wix_stores_warmup_data,localized_product_asset,include,,Detox / Cleanses,$74.99,in_stock,wix stores warmup data,assets/products/detoxify-ever-clean/detoxify-ever-clean.jpeg,450,450,25251,downloaded
product-page/detoxify-green-clean.html,DETOXIFY GREEN CLEAN,/products/detoxify-green-clean.html,extracted_from_wix_stores_warmup_data,localized_product_asset,include,,Detox / Cleanses,$45.00,in_stock,wix stores warmup data,assets/products/detoxify-green-clean/detoxify-green-clean.jpeg,450,450,54708,local
product-page/detoxify-instant-clean.html,DETOXIFY INSTANT CLEAN,/products/detoxify-instant-clean.html,extracted_from_wix_stores_warmup_data,localized_product_asset,include,,Detox / Cleanses,$54.99,in_stock,wix stores warmup data,assets/products/detoxify-instant-clean/detoxify-instant-clean.jpeg,225,225,17585,local
product-page/detoxify-mega-clean.html,DETOXIFY MEGA CLEAN,/products/detoxify-mega-clean.html,extracted_from_wix_stores_warmup_data,localized_product_asset,include,,Detox / Cleanses,$54.99,in_stock,wix stores warmup data,assets/products/detoxify-mega-clean/detoxify-mega-clean.jpeg,225,225,14861,downloaded
product-page/detoxify-mighty-clean.html,DETOXIFY MIGHTY CLEAN,/products/detoxify-mighty-clean.html,extracted_from_wix_stores_warmup_data,localized_product_asset,include,,Detox / Cleanses,$74.99,in_stock,wix stores warmup data,assets/products/detoxify-mighty-clean/detoxify-mighty-clean.jpeg,198,198,7380,local
product-page/detoxify-pre-cleanse-caps.html,• DETOXIFY PRE CLEANSE CAPS,/products/detoxify-pre-cleanse-caps.html,extracted_from_wix_stores_warmup_data,localized_product_asset,include,,Detox / Cleanses,$10.49,in_stock,wix stores warmup data,assets/products/detoxify-pre-cleanse-caps/detoxify-pre-cleanse-caps.jpeg,243,208,10965,local
product-page/detoxify-ready-clean-grape-tropical-orange.html,"DETOXIFY READY CLEAN GRAPE, TROPICAL, ORANGE",/products/detoxify-ready-clean-grape-tropical-orange.html,extracted_from_wix_stores_warmup_data,localized_product_asset,include,,Detox / Cleanses,$25.00,in_stock,wix stores warmup data,assets/products/detoxify-ready-clean-grape-tropical-orange/detoxify-ready-clean-grape-tropical-orange.jpeg,225,225,17780,local
product-page/detoxify-xxtra-clean.html,DETOXIFY XXTRA CLEAN,/products/detoxify-xxtra-clean.html,extracted_from_wix_stores_warmup_data,localized_product_asset,include,,Detox / Cleanses,$40.00,in_stock,wix stores warmup data,assets/products/detoxify-xxtra-clean/detoxify-xxtra-clean.jpeg,225,225,19783,downloaded
product-page/dr-dabber-switch.html,DR. DABBER SWITCH,/products/dr-dabber-switch.html,extracted_from_wix_stores_warmup_data,localized_product_asset,include,,Other Products,$499.99,in_stock,wix stores warmup data,assets/products/dr-dabber-switch/dr-dabber-switch.jpg,394,234,9017,local
product-page/dr-greens-cool-rinse-mouthwash.html,DR GREENS COOL RINSE MOUTHWASH,/products/dr-greens-cool-rinse-mouthwash.html,extracted_from_wix_stores_warmup_data,localized_product_asset,include,,Detox / Cleanses,$29.99,in_stock,wix stores warmup data,assets/products/dr-greens-cool-rinse-mouthwash/dr-greens-cool-rinse-mouthwash.jpeg,225,225,9449,downloaded
product-page/dr-greens-field-kit.html,DR GREENS FIELD KIT,/products/dr-greens-field-kit.html,extracted_from_wix_stores_warmup_data,localized_product_asset,include,,Detox / Cleanses,$64.99,in_stock,wix stores warmup data,assets/products/dr-greens-field-kit/dr-greens-field-kit.jpeg,198,198,17309,local
product-page/e-cig-hibron-h10.html,E-CIG HIBRON H10,/products/e-cig-hibron-h10.html,extracted_from_wix_stores_warmup_data,localized_product_asset,include,,Other Products,$29.99,in_stock,wix stores warmup data,assets/products/e-cig-hibron-h10/e-cig-hibron-h10.jpg,417,499,39006,local
product-page/e-pipe-mod.html,E-PIPE MOD,/products/e-pipe-mod.html,extracted_from_wix_stores_warmup_data,localized_product_asset,include,,Smoke Accessories,$25.00,in_stock,wix stores warmup data,assets/products/e-pipe-mod/e-pipe-mod.jpg,485,500,50544,local
product-page/evolve-d-dry-herb-pen-from-yocan.html,Evolve-D Dry Herb Pen from Yocan,/products/evolve-d-dry-herb-pen-from-yocan.html,extracted_from_wix_stores_warmup_data,localized_product_asset,include,,Vaporizers,$39.99,in_stock,wix stores warmup data,assets/products/evolve-d-dry-herb-pen-from-yocan/evolve-d-dry-herb-pen-from-yocan.jpg,280,500,26291,downloaded
product-page/g-pen-slim-quartz.html,G PEN Slim Quartz,/products/g-pen-slim-quartz.html,extracted_from_wix_stores_warmup_data,localized_product_asset,include,,Vaporizers,$22.99,in_stock,wix stores warmup data,assets/products/g-pen-slim-quartz/g-pen-slim-quartz.jpg,281,500,36763,downloaded
product-page/glass-pipe-1.html,Glass Pipe,/products/glass-pipe-1.html,extracted_from_wix_stores_warmup_data,localized_product_asset,include,,Smoke Accessories,$14.99,in_stock,wix stores warmup data,assets/products/glass-pipe-1/glass-pipe-1.jpg,280,500,53145,downloaded
product-page/glass-pipe-2.html,Glass Pipe,/products/glass-pipe-2.html,extracted_from_wix_stores_warmup_data,localized_product_asset,include,,Smoke Accessories,$12.99,in_stock,wix stores warmup data,assets/products/glass-pipe-2/glass-pipe-2.jpg,500,280,50279,downloaded
product-page/glass-pipe.html,Glass Pipe,/products/glass-pipe.html,extracted_from_wix_stores_warmup_data,localized_product_asset,include,,Smoke Accessories,$12.99,in_stock,wix stores warmup data,assets/products/glass-pipe/glass-pipe.jpg,500,280,52495,downloaded
product-page/grinder-rasta.html,Grinder Rasta,/products/grinder-rasta.html,extracted_from_wix_stores_warmup_data,localized_product_asset,include,,Smoke Accessories,$12.99,in_stock,wix stores warmup data,assets/products/grinder-rasta/grinder-rasta.jpg,280,500,41277,downloaded
product-page/grinder-sm-metal.html,Grinder sm Metal,/products/grinder-sm-metal.html,extracted_from_wix_stores_warmup_data,localized_product_asset,include,,Smoke Accessories,$7.99,in_stock,wix stores warmup data,assets/products/grinder-sm-metal/grinder-sm-metal.jpg,280,500,35888,downloaded
product-page/grinder-sm-plastic.html,Grinder sm Plastic,/products/grinder-sm-plastic.html,extracted_from_wix_stores_warmup_data,localized_product_asset,include,,Smoke Accessories,$6.00,in_stock,wix stores warmup data,assets/products/grinder-sm-plastic/grinder-sm-plastic.jpg,280,500,52665,downloaded
product-page/grinder.html,Grinder,/products/grinder.html,extracted_from_wix_stores_warmup_data,localized_product_asset,include,,Smoke Accessories,$16.00,in_stock,wix stores warmup data,assets/products/grinder/grinder.jpg,280,500,40882,downloaded
product-page/high-voltage-2-pk-32-oz.html,HIGH VOLTAGE 2 PK 32 OZ,/products/high-voltage-2-pk-32-oz.html,extracted_from_wix_stores_warmup_data,localized_product_asset,include,,Detox / Cleanses,$39.99,in_stock,wix stores warmup data,assets/products/high-voltage-2-pk-32-oz/high-voltage-2-pk-32-oz.jpg,500,500,101390,downloaded
product-page/high-voltage-double-flush.html,HIGH VOLTAGE DOUBLE FLUSH,/products/high-voltage-double-flush.html,extracted_from_wix_stores_warmup_data,localized_product_asset,include,,Detox / Cleanses,$39.99,in_stock,wix stores warmup data,assets/products/high-voltage-double-flush/high-voltage-double-flush.jpg,198,198,21437,local
product-page/high-voltage-mouthwash.html,HIGH VOLTAGE MOUTHWASH,/products/high-voltage-mouthwash.html,extracted_from_wix_stores_warmup_data,localized_product_asset,include,,Detox / Cleanses,$29.99,in_stock,wix stores warmup data,assets/products/high-voltage-mouthwash/high-voltage-mouthwash.jpg,480,480,46897,downloaded
product-page/high-voltage-permanent-tropical-5-day-cleanse.html,HIGH VOLTAGE PERMANENT TROPICAL 5 DAY CLEANSE,/products/high-voltage-permanent-tropical-5-day-cleanse.html,extracted_from_wix_stores_warmup_data,localized_product_asset,include,,Detox / Cleanses,$69.99,in_stock,wix stores warmup data,assets/products/high-voltage-permanent-tropical-5-day-cleanse/high-voltage-permanent-tropical-5-day-cleanse.jpg,366,500,65583,downloaded
product-page/high-voltage-regular-strength-16-oz.html,HIGH VOLTAGE REGULAR STRENGTH 16 OZ,/products/high-voltage-regular-strength-16-oz.html,extracted_from_wix_stores_warmup_data,localized_product_asset,include,,Detox / Cleanses,$24.99,in_stock,wix stores warmup data,assets/products/high-voltage-regular-strength-16-oz/high-voltage-regular-strength-16-oz.jpg,198,198,19011,local
product-page/high-voltage-shampoo.html,HIGH VOLTAGE SHAMPOO,/products/high-voltage-shampoo.html,extracted_from_wix_stores_warmup_data,localized_product_asset,include,,Detox / Cleanses,$35.00,in_stock,wix stores warmup data,assets/products/high-voltage-shampoo/high-voltage-shampoo.jpeg,198,198,14646,local
product-page/high-voltage-xl-shot.html,HIGH VOLTAGE XL SHOT,/products/high-voltage-xl-shot.html,extracted_from_wix_stores_warmup_data,localized_product_asset,include,,Detox / Cleanses,$44.99,in_stock,wix stores warmup data,assets/products/high-voltage-xl-shot/high-voltage-xl-shot.jpg,500,500,90172,downloaded
product-page/hip-vape.html,HIP VAPE,/products/hip-vape.html,extracted_from_wix_stores_warmup_data,localized_product_asset,include,,Vaporizers,$100.00,in_stock,wix stores warmup data,assets/products/hip-vape/hip-vape.jpg,500,443,47268,local
product-page/hookah-coals.html,Hookah Coals,/products/hookah-coals.html,extracted_from_wix_stores_warmup_data,localized_product_asset,include,,Smoke Accessories,$3.49,in_stock,wix stores warmup data,assets/products/hookah-coals/hookah-coals.jpg,420,500,96392,downloaded
product-page/i-o-lite-vaporizer.html,I-O LITE vaporizer,/products/i-o-lite-vaporizer.html,extracted_from_wix_stores_warmup_data,localized_product_asset,include,,Vaporizers,$50.00,in_stock,wix stores warmup data,assets/products/i-o-lite-vaporizer/i-o-lite-vaporizer.jpg,500,251,39396,downloaded
product-page/just-chill-jungle.html,JUST CHILL JUNGLE,/products/just-chill-jungle.html,extracted_from_wix_stores_warmup_data,localized_product_asset,include,,Other Products,$39.00,in_stock,wix stores warmup data,assets/products/just-chill-jungle/just-chill-jungle.jpg,337,500,57319,local
product-page/just-chill-strawberry.html,JUST CHILL STRAWBERRY,/products/just-chill-strawberry.html,extracted_from_wix_stores_warmup_data,localized_product_asset,include,,Other Products,$39.00,in_stock,wix stores warmup data,assets/products/just-chill-strawberry/just-chill-strawberry.png,400,400,212631,local
product-page/k-stick-supreme.html,K-Stick Supreme,/products/k-stick-supreme.html,extracted_from_wix_stores_warmup_data,localized_product_asset,include,,Vaporizers,$26.99,in_stock,wix stores warmup data,assets/products/k-stick-supreme/k-stick-supreme.jpg,281,500,47907,downloaded
product-page/kamry-30-box.html,Kamry 30 BOX,/products/kamry-30-box.html,extracted_from_wix_stores_warmup_data,localized_product_asset,include,,Vaporizers,$40.99,in_stock,wix stores warmup data,assets/products/kamry-30-box/kamry-30-box.jpeg,281,500,24673,downloaded
product-page/levo-ii.html,LEVO II,/products/levo-ii.html,extracted_from_wix_stores_warmup_data,localized_product_asset,include,,Other Products,$260.99,in_stock,wix stores warmup data,assets/products/levo-ii/levo-ii.png,350,350,69625,local
product-page/metal-pipe.html,Metal Pipe,/products/metal-pipe.html,extracted_from_wix_stores_warmup_data,localized_product_asset,include,,Smoke Accessories,$11.99,in_stock,wix stores warmup data,assets/products/metal-pipe/metal-pipe.jpg,280,500,38427,downloaded
product-page/mini-2-hose-hookah.html,Mini 2 Hose Hookah,/products/mini-2-hose-hookah.html,extracted_from_wix_stores_warmup_data,localized_product_asset,include,,Smoke Accessories,$21.99,in_stock,wix stores warmup data,assets/products/mini-2-hose-hookah/mini-2-hose-hookah.jpg,280,500,54391,downloaded
product-page/nail-crown-silk-lblue.html,NAIL CROWN SILK LBLUE,/products/nail-crown-silk-lblue.html,extracted_from_wix_stores_warmup_data,localized_product_asset,include,,Other Products,$19.99,in_stock,wix stores warmup data,assets/products/nail-crown-silk-lblue/nail-crown-silk-lblue.jpg,500,375,38817,local
product-page/naked-vape-juice.html,Naked Vape Juice,/products/naked-vape-juice.html,extracted_from_wix_stores_warmup_data,localized_product_asset,include,,Vaporizers,$19.99,in_stock,wix stores warmup data,assets/products/naked-vape-juice/naked-vape-juice.jpg,280,500,35709,downloaded
product-page/nano-nbw-waxy-kit.html,NANO NBW WAXY KIT,/products/nano-nbw-waxy-kit.html,extracted_from_wix_stores_warmup_data,localized_product_asset,include,,Other Products,$19.99,in_stock,wix stores warmup data,assets/products/nano-nbw-waxy-kit/nano-nbw-waxy-kit.jpg,281,500,53210,downloaded
product-page/p-sure.html,P-SURE,/products/p-sure.html,extracted_from_wix_stores_warmup_data,localized_product_asset,include,,Detox / Cleanses,$29.99,in_stock,wix stores warmup data,assets/products/p-sure/p-sure.png,353,500,328980,downloaded
product-page/pax-3.html,PAX 3,/products/pax-3.html,extracted_from_wix_stores_warmup_data,localized_product_asset,include,,Vaporizers,$274.99,in_stock,wix stores warmup data,assets/products/pax-3/pax-3.jpg,420,500,31805,downloaded
product-page/phoenix-drip-tip.html,Phoenix Drip Tip,/products/phoenix-drip-tip.html,extracted_from_wix_stores_warmup_data,localized_product_asset,include,,Other Products,$12.99,in_stock,wix stores warmup data,assets/products/phoenix-drip-tip/phoenix-drip-tip.jpeg,281,500,29461,downloaded
product-page/plastic-grinder.html,Plastic Grinder,/products/plastic-grinder.html,extracted_from_wix_stores_warmup_data,localized_product_asset,include,,Smoke Accessories,$10.00,in_stock,wix stores warmup data,assets/products/plastic-grinder/plastic-grinder.jpg,280,500,57968,downloaded
product-page/q-carbo-32.html,Q Carbo 32,/products/q-carbo-32.html,extracted_from_wix_stores_warmup_data,localized_product_asset,include,,Detox / Cleanses,$39.99,in_stock,wix stores warmup data,assets/products/q-carbo-32/q-carbo-32.jpg,280,500,45271,downloaded
product-page/randy-aqua-pilot.html,Randy Aqua Pilot,/products/randy-aqua-pilot.html,extracted_from_wix_stores_warmup_data,localized_product_asset,include,,Other Products,$130.99,in_stock,wix stores warmup data,assets/products/randy-aqua-pilot/randy-aqua-pilot.png,500,500,148939,local
product-page/raw-classic-artesano-1.html,RAW Classic Artesano 1¼,/products/raw-classic-artesano-1.html,extracted_from_wix_stores_warmup_data,localized_product_asset,include,,Smoke Accessories,$4.50,in_stock,wix stores warmup data,assets/products/raw-classic-artesano-1/raw-classic-artesano-1.png,493,327,386938,downloaded
product-page/raw-classic-king-size-rolls.html,RAW Classic King Size Rolls,/products/raw-classic-king-size-rolls.html,extracted_from_wix_stores_warmup_data,localized_product_asset,include,,Smoke Accessories,$3.99,in_stock,wix stores warmup data,assets/products/raw-classic-king-size-rolls/raw-classic-king-size-rolls.png,500,280,335182,downloaded
product-page/raw-classic-kingsize-slim.html,RAW Classic Kingsize Slim,/products/raw-classic-kingsize-slim.html,extracted_from_wix_stores_warmup_data,localized_product_asset,include,,Smoke Accessories,$2.99,in_stock,wix stores warmup data,assets/products/raw-classic-kingsize-slim/raw-classic-kingsize-slim.png,500,125,135625,downloaded
product-page/raw-classic-single-wide.html,RAW Classic Single Wide,/products/raw-classic-single-wide.html,extracted_from_wix_stores_warmup_data,localized_product_asset,include,,Smoke Accessories,$2.99,in_stock,wix stores warmup data,assets/products/raw-classic-single-wide/raw-classic-single-wide.png,445,268,240773,downloaded
product-page/raw-hemp-plastic-roller.html,RAW Hemp Plastic Roller,/products/raw-hemp-plastic-roller.html,extracted_from_wix_stores_warmup_data,localized_product_asset,include,,Smoke Accessories,$7.99,in_stock,wix stores warmup data,assets/products/raw-hemp-plastic-roller/raw-hemp-plastic-roller.png,459,352,326729,downloaded
product-page/raw-hemp-wick-10ft.html,RAW Hemp Wick - 10ft,/products/raw-hemp-wick-10ft.html,extracted_from_wix_stores_warmup_data,localized_product_asset,include,,Smoke Accessories,$1.75,in_stock,wix stores warmup data,assets/products/raw-hemp-wick-10ft/raw-hemp-wick-10ft.png,435,387,282094,downloaded
product-page/raw-organic-hemp-1.html,RAW Organic Hemp 1¼,/products/raw-organic-hemp-1.html,extracted_from_wix_stores_warmup_data,localized_product_asset,include,,Smoke Accessories,$2.69,in_stock,wix stores warmup data,assets/products/raw-organic-hemp-1/raw-organic-hemp-1.png,495,169,165914,downloaded
product-page/raw-pre-rolled-tips.html,RAW Pre-Rolled Tips,/products/raw-pre-rolled-tips.html,extracted_from_wix_stores_warmup_data,localized_product_asset,include,,Smoke Accessories,$1.99,in_stock,wix stores warmup data,assets/products/raw-pre-rolled-tips/raw-pre-rolled-tips.png,446,403,385351,downloaded
product-page/raw-rolling-mat.html,RAW Rolling Mat,/products/raw-rolling-mat.html,extracted_from_wix_stores_warmup_data,localized_product_asset,include,,Smoke Accessories,$2.49,in_stock,wix stores warmup data,assets/products/raw-rolling-mat/raw-rolling-mat.png,500,143,103317,downloaded
product-page/small-glass-pipe.html,Small Glass Pipe,/products/small-glass-pipe.html,extracted_from_wix_stores_warmup_data,localized_product_asset,include,,Smoke Accessories,$9.99,in_stock,wix stores warmup data,assets/products/small-glass-pipe/small-glass-pipe.jpg,280,500,41686,downloaded
product-page/snail-lookah.html,Snail Lookah,/products/snail-lookah.html,extracted_from_wix_stores_warmup_data,localized_product_asset,include,,Smoke Accessories,$19.99,in_stock,wix stores warmup data,assets/products/snail-lookah/snail-lookah.jpg,375,500,37844,downloaded
product-page/stat-1-hr-flush-caps.html,STAT 1 HR FLUSH CAPS,/products/stat-1-hr-flush-caps.html,extracted_from_wix_stores_warmup_data,localized_product_asset,include,,Other Products,$40.00,in_stock,wix stores warmup data,assets/products/stat-1-hr-flush-caps/stat-1-hr-flush-caps.jpeg,249,203,29288,local
product-page/studs.html,Studs,/products/studs.html,extracted_from_wix_stores_warmup_data,localized_product_asset,include,,Body Jewelry,$14.99,in_stock,wix stores warmup data,assets/products/studs/studs.jpg,500,484,89048,downloaded
product-page/the-yocan-evolve-dual-quartz-wax-pen.html,The Yocan Evolve Dual Quartz Wax Pen,/products/the-yocan-evolve-dual-quartz-wax-pen.html,extracted_from_wix_stores_warmup_data,localized_product_asset,include,,Vaporizers,$39.99,in_stock,wix stores warmup data,assets/products/the-yocan-evolve-dual-quartz-wax-pen/the-yocan-evolve-dual-quartz-wax-pen.jpg,500,454,54392,downloaded
product-page/the-yocan-evolve-plus.html,The Yocan Evolve Plus,/products/the-yocan-evolve-plus.html,extracted_from_wix_stores_warmup_data,localized_product_asset,include,,Vaporizers,$49.99,in_stock,wix stores warmup data,assets/products/the-yocan-evolve-plus/the-yocan-evolve-plus.jpg,389,500,50300,downloaded
product-page/ultra-eliminex.html,Ultra Eliminex,/products/ultra-eliminex.html,extracted_from_wix_stores_warmup_data,localized_product_asset,include,,Detox / Cleanses,$65.99,in_stock,wix stores warmup data,assets/products/ultra-eliminex/ultra-eliminex.jpg,267,500,41841,downloaded
product-page/vapir-oxygen-w-battery.html,Vapir Oxygen w/ Battery,/products/vapir-oxygen-w-battery.html,extracted_from_wix_stores_warmup_data,localized_product_asset,include,,Other Products,$35.00,in_stock,wix stores warmup data,assets/products/vapir-oxygen-w-battery/vapir-oxygen-w-battery.png,500,357,327593,downloaded
product-page/vaporizer-arizer-solo.html,Vaporizer Arizer Solo,/products/vaporizer-arizer-solo.html,extracted_from_wix_stores_warmup_data,localized_product_asset,include,,Vaporizers,$180.00,in_stock,wix stores warmup data,assets/products/vaporizer-arizer-solo/vaporizer-arizer-solo.jpeg,281,500,30708,downloaded
product-page/vitacig.html,VITACIG,/products/vitacig.html,extracted_from_wix_stores_warmup_data,localized_product_asset,include,,Vaporizers,$3.00,in_stock,wix stores warmup data,assets/products/vitacig/vitacig.jpg,227,302,11955,local
product-page/wp-sillicon-1.html,WP-SILLICON 1,/products/wp-sillicon-1.html,extracted_from_wix_stores_warmup_data,localized_product_asset,include,,Other Products,$19.99,in_stock,wix stores warmup data,assets/products/wp-sillicon-1/wp-sillicon-1.jpg,375,500,45093,downloaded
product-page/wp-sillicon-10-geometric.html,"WP-SILLICON 10"" GEOMETRIC",/products/wp-sillicon-10-geometric.html,extracted_from_wix_stores_warmup_data,localized_product_asset,include,,Other Products,$42.99,in_stock,wix stores warmup data,assets/products/wp-sillicon-10-geometric/wp-sillicon-10-geometric.jpg,469,500,75275,downloaded
product-page/wp-sillicon-2.html,WP-SILLICON 2,/products/wp-sillicon-2.html,extracted_from_wix_stores_warmup_data,localized_product_asset,include,,Other Products,$19.99,in_stock,wix stores warmup data,assets/products/wp-sillicon-2/wp-sillicon-2.jpg,375,500,49214,downloaded
product-page/wp-sillicon-elephant.html,WP-SILLICON ELEPHANT,/products/wp-sillicon-elephant.html,extracted_from_wix_stores_warmup_data,localized_product_asset,include,,Other Products,$19.99,in_stock,wix stores warmup data,assets/products/wp-sillicon-elephant/wp-sillicon-elephant.jpg,500,414,61535,downloaded
product-page/wp-sillicon-glow.html,WP-SILLICON GLOW,/products/wp-sillicon-glow.html,extracted_from_wix_stores_warmup_data,localized_product_asset,include,,Other Products,$50.99,in_stock,wix stores warmup data,assets/products/wp-sillicon-glow/wp-sillicon-glow.jpg,375,500,49720,downloaded
product-page/wp-sillicon-heart.html,WP-SILLICON HEART,/products/wp-sillicon-heart.html,extracted_from_wix_stores_warmup_data,localized_product_asset,include,,Other Products,$19.99,in_stock,wix stores warmup data,assets/products/wp-sillicon-heart/wp-sillicon-heart.jpg,375,500,47465,downloaded
product-page/wp-sillicon-jar.html,WP-SILLICON JAR,/products/wp-sillicon-jar.html,extracted_from_wix_stores_warmup_data,localized_product_asset,include,,Other Products,$3.99,in_stock,wix stores warmup data,assets/products/wp-sillicon-jar/wp-sillicon-jar.jpg,375,500,39640,downloaded
product-page/wp-sillicon-l-n-monster.html,WP-SILLICON L/N MONSTER,/products/wp-sillicon-l-n-monster.html,extracted_from_wix_stores_warmup_data,localized_product_asset,include,,Other Products,$24.99,in_stock,wix stores warmup data,assets/products/wp-sillicon-l-n-monster/wp-sillicon-l-n-monster.jpg,375,500,46364,downloaded
product-page/wp-sillicon-pad.html,WP-SILLICON PAD,/products/wp-sillicon-pad.html,extracted_from_wix_stores_warmup_data,localized_product_asset,include,,Other Products,$19.99,in_stock,wix stores warmup data,assets/products/wp-sillicon-pad/wp-sillicon-pad.jpg,500,500,107923,downloaded
product-page/wp-sillicon-pipe-metal.html,WP-SILLICON PIPE METAL,/products/wp-sillicon-pipe-metal.html,extracted_from_wix_stores_warmup_data,localized_product_asset,include,,Smoke Accessories,$12.99,in_stock,wix stores warmup data,assets/products/wp-sillicon-pipe-metal/wp-sillicon-pipe-metal.jpg,227,302,6966,local
product-page/wp-sillicon-pumpkin.html,WP-SILLICON PUMPKIN,/products/wp-sillicon-pumpkin.html,extracted_from_wix_stores_warmup_data,localized_product_asset,include,,Other Products,$25.99,in_stock,wix stores warmup data,assets/products/wp-sillicon-pumpkin/wp-sillicon-pumpkin.jpg,307,500,49304,downloaded
product-page/wp-sillicon-rasta.html,WP-SILLICON RASTA,/products/wp-sillicon-rasta.html,extracted_from_wix_stores_warmup_data,localized_product_asset,include,,Other Products,$42.99,in_stock,wix stores warmup data,assets/products/wp-sillicon-rasta/wp-sillicon-rasta.jpg,375,500,59742,downloaded
product-page/wp-sillicon-riffle.html,WP-SILLICON RIFFLE,/products/wp-sillicon-riffle.html,extracted_from_wix_stores_warmup_data,localized_product_asset,include,,Other Products,$9.99,in_stock,wix stores warmup data,assets/products/wp-sillicon-riffle/wp-sillicon-riffle.jpg,375,500,59278,downloaded
product-page/wp-sillicon-skull-pink.html,WP-SILLICON SKULL PINK,/products/wp-sillicon-skull-pink.html,extracted_from_wix_stores_warmup_data,localized_product_asset,include,,Other Products,$42.99,in_stock,wix stores warmup data,assets/products/wp-sillicon-skull-pink/wp-sillicon-skull-pink.jpg,253,500,45339,downloaded
product-page/wp-sillicon-skull.html,WP-SILLICON SKULL,/products/wp-sillicon-skull.html,extracted_from_wix_stores_warmup_data,localized_product_asset,include,,Other Products,$42.99,in_stock,wix stores warmup data,assets/products/wp-sillicon-skull/wp-sillicon-skull.jpg,375,500,44679,downloaded
product-page/wp-sillicon.html,WP-SILLICON,/products/wp-sillicon.html,extracted_from_wix_stores_warmup_data,localized_product_asset,include,,Other Products,$19.99,in_stock,wix stores warmup data,assets/products/wp-sillicon/wp-sillicon.jpg,375,500,49163,downloaded
product-page/yocan-nyx.html,Yocan NYX,/products/yocan-nyx.html,extracted_from_wix_stores_warmup_data,localized_product_asset,include,,Vaporizers,$18.99,in_stock,wix stores warmup data,assets/products/yocan-nyx/yocan-nyx.jpeg,500,281,24398,downloaded
product-page/zydot-shampoo.html,ZYDOT SHAMPOO,/products/zydot-shampoo.html,extracted_from_wix_stores_warmup_data,localized_product_asset,include,,Detox / Cleanses,$35.00,in_stock,wix stores warmup data,assets/products/zydot-shampoo/zydot-shampoo.jpeg,194,259,10775,local
