source_route,source_type,source_status,content_area,canonical_target,destination_status,exception
artist.html,static_page,available,Artists,artists/index.html,rebuilt section page,
blog/categories/getting-started.html,blog_category,available,Blog / Guides,blog/index.html,redirect to rebuilt destination,
blog/categories/your-community.html,blog_category,available,Blog / Guides,blog/index.html,redirect to rebuilt destination,
blog/davinci-miqro.html,blog_redirect,available,Blog / Guides,blog/davinci-miqro.html,redirect to rebuilt destination,
blog/kandypens-k-stick.html,blog_redirect,available,Blog / Guides,blog/kandypens-k-stick.html,redirect to rebuilt destination,
blog/levo-oil-butter-maker.html,blog_redirect,available,Blog / Guides,blog/levo-oil-butter-maker.html,redirect to rebuilt destination,
blog/now-in-store-dr-dabber-switch.html,blog_redirect,available,Blog / Guides,blog/now-in-store-dr-dabber-switch.html,redirect to rebuilt destination,
blog.html,blog_index,available,Blog / Guides,blog/index.html,rebuilt section page,
bodypiercing.html,static_page,available,Piercing,piercing/index.html,rebuilt section page,
charlie.html,static_page,available,Artists,artists/charlie.html,rebuilt detail page,
contact.html,static_page,available,Location / Contact,services/contact.html,rebuilt detail page,
faq.html,static_page,available,FAQ,faq/index.html,rebuilt section page,
gallery.html,static_page,available,Tattoo Services,tattoo/index.html,rebuilt section page,
home.html,static_page,available,Home,index.html,rebuilt primary page,
index.html,static_page,available,Home,index.html,rebuilt primary page,
locations.html,static_page,available,Location / Contact,services/locations.html,rebuilt detail page,
post/are-detox-cleanses-permanent.html,blog_post,available,Blog / Guides,blog/are-detox-cleanses-permanent.html,rebuilt detail page,
post/can-my-tattoo-be-covered-up.html,blog_post,available,Blog / Guides,blog/can-my-tattoo-be-covered-up.html,rebuilt detail page,
post/cbdforpets.html,blog_post,available,Blog / Guides,blog/cbdforpets.html,rebuilt detail page,
post/cbdforpets1.html,blog_post,available,Blog / Guides,blog/cbdforpets1.html,rebuilt detail page,
post/cbdforpets2.html,blog_post,available,Blog / Guides,blog/cbdforpets2.html,rebuilt detail page,
post/davinci-miqro.html,blog_post,available,Blog / Guides,blog/davinci-miqro.html,rebuilt detail page,
post/firsttattoo.html,blog_post,available,Blog / Guides,blog/firsttattoo.html,rebuilt detail page,
post/honeystick-beekeeper-conceal-essential-oil-vaporizer.html,blog_post,available,Blog / Guides,blog/honeystick-beekeeper-conceal-essential-oil-vaporizer.html,rebuilt detail page,
post/kandypens-k-stick.html,blog_post,available,Blog / Guides,blog/kandypens-k-stick.html,rebuilt detail page,
post/levo-oil-butter-maker.html,blog_post,available,Blog / Guides,blog/levo-oil-butter-maker.html,rebuilt detail page,
post/now-in-store-dr-dabber-switch.html,blog_post,available,Blog / Guides,blog/now-in-store-dr-dabber-switch.html,rebuilt detail page,
post/tattooaftercare.html,blog_post,available,Blog / Guides,blog/tattooaftercare.html,rebuilt detail page,
post/tips-for-a-successful-cover-up-tattoo.html,blog_post,available,Blog / Guides,blog/tips-for-a-successful-cover-up-tattoo.html,rebuilt detail page,
post/what-is-detox.html,blog_post,available,Blog / Guides,blog/what-is-detox.html,rebuilt detail page,
post/what-to-do-if-your-tattoo-or-piercing-itches.html,blog_post,available,Blog / Guides,blog/what-to-do-if-your-tattoo-or-piercing-itches.html,rebuilt detail page,
price-list-1.html,static_page,available,Piercing,piercing/index.html,rebuilt section page,
product-page/additive-x-stream-synthentic-urine.html,product,available,Shop / Product Catalog,products/additive-x-stream-synthentic-urine.html,rebuilt detail page,
product-page/ascent-oil-jars.html,product,available,Shop / Product Catalog,products/ascent-oil-jars.html,rebuilt detail page,
product-page/ascentst-g-adapter.html,product,available,Shop / Product Catalog,products/ascentst-g-adapter.html,rebuilt detail page,
product-page/ascentst-u-adapter.html,product,available,Shop / Product Catalog,products/ascentst-u-adapter.html,rebuilt detail page,
product-page/assisted-dug-cut.html,product,available,Shop / Product Catalog,products/assisted-dug-cut.html,rebuilt detail page,
product-page/asvape-michael-box.html,product,available,Shop / Product Catalog,products/asvape-michael-box.html,rebuilt detail page,
product-page/atmos-grinder.html,product,available,Shop / Product Catalog,products/atmos-grinder.html,rebuilt detail page,
product-page/atmosnail.html,product,available,Shop / Product Catalog,products/atmosnail.html,rebuilt detail page,
product-page/badwood-g-pen.html,product,available,Shop / Product Catalog,products/badwood-g-pen.html,rebuilt detail page,
product-page/bb-st-0g-5-8.html,product,available,Shop / Product Catalog,products/bb-st-0g-5-8.html,rebuilt detail page,
product-page/bb-st-10g-1-2.html,product,available,Shop / Product Catalog,products/bb-st-10g-1-2.html,rebuilt detail page,
product-page/bb-st-10g-3-4.html,product,available,Shop / Product Catalog,products/bb-st-10g-3-4.html,rebuilt detail page,
product-page/bb-st-12g-1-2.html,product,available,Shop / Product Catalog,products/bb-st-12g-1-2.html,rebuilt detail page,
product-page/bb-st-12g-5-8.html,product,available,Shop / Product Catalog,products/bb-st-12g-5-8.html,rebuilt detail page,
product-page/bb-st-12g-7-16.html,product,available,Shop / Product Catalog,products/bb-st-12g-7-16.html,rebuilt detail page,
product-page/bb-st-12g-7-8.html,product,available,Shop / Product Catalog,products/bb-st-12g-7-8.html,rebuilt detail page,
product-page/bb-st-14g-7-8.html,product,available,Shop / Product Catalog,products/bb-st-14g-7-8.html,rebuilt detail page,
product-page/bb-st-2g-5-8.html,product,available,Shop / Product Catalog,products/bb-st-2g-5-8.html,rebuilt detail page,
product-page/bb-st-6g-5-8.html,product,available,Shop / Product Catalog,products/bb-st-6g-5-8.html,rebuilt detail page,
product-page/bubbler.html,product,available,Shop / Product Catalog,products/bubbler.html,rebuilt detail page,
product-page/cbb-st-10g-1-2-cone.html,product,available,Shop / Product Catalog,products/cbb-st-10g-1-2-cone.html,rebuilt detail page,
product-page/cbb-st-10g-1-2-reg-ball.html,product,available,Shop / Product Catalog,products/cbb-st-10g-1-2-reg-ball.html,rebuilt detail page,
product-page/cbb-st-12g-3-8-cone.html,product,available,Shop / Product Catalog,products/cbb-st-12g-3-8-cone.html,rebuilt detail page,
product-page/cbb-st-12g-7-16-gem-reg-clear.html,product,available,Shop / Product Catalog,products/cbb-st-12g-7-16-gem-reg-clear.html,rebuilt detail page,
product-page/cbr-st-10g-1-2-gem-ball-clear.html,product,available,Shop / Product Catalog,products/cbr-st-10g-1-2-gem-ball-clear.html,rebuilt detail page,
product-page/cbr-st-12g-1-2-1.html,product,available,Shop / Product Catalog,products/cbr-st-12g-1-2-1.html,rebuilt detail page,
product-page/cbr-st-12g-1-2-gem-ball-clear.html,product,available,Shop / Product Catalog,products/cbr-st-12g-1-2-gem-ball-clear.html,rebuilt detail page,
product-page/cbr-st-12g-1-2.html,product,available,Shop / Product Catalog,products/cbr-st-12g-1-2.html,rebuilt detail page,
product-page/cbr-st-12g-3-8.html,product,available,Shop / Product Catalog,products/cbr-st-12g-3-8.html,rebuilt detail page,
product-page/cbr-st-12g-5-8-1.html,product,available,Shop / Product Catalog,products/cbr-st-12g-5-8-1.html,rebuilt detail page,
product-page/cbr-st-12g-5-8.html,product,available,Shop / Product Catalog,products/cbr-st-12g-5-8.html,rebuilt detail page,
product-page/cbr-st-12g-7-16-1.html,product,available,Shop / Product Catalog,products/cbr-st-12g-7-16-1.html,rebuilt detail page,
product-page/cbr-st-12g-7-16.html,product,available,Shop / Product Catalog,products/cbr-st-12g-7-16.html,rebuilt detail page,
product-page/cbr-st-8g-1-2-gem-ball-clear.html,product,available,Shop / Product Catalog,products/cbr-st-8g-1-2-gem-ball-clear.html,rebuilt detail page,
product-page/clear-hit-1.html,product,available,Shop / Product Catalog,products/clear-hit-1.html,rebuilt detail page,
product-page/clear-hit.html,product,available,Shop / Product Catalog,products/clear-hit.html,rebuilt detail page,
product-page/copy-of-atmos-nail.html,product,available,Shop / Product Catalog,products/copy-of-atmos-nail.html,rebuilt detail page,
product-page/copy-of-cbr-st-12g3-8.html,product,available,Shop / Product Catalog,products/copy-of-cbr-st-12g3-8.html,rebuilt detail page,
product-page/copy-of-glass-pipe.html,product,available,Shop / Product Catalog,products/copy-of-glass-pipe.html,rebuilt detail page,
product-page/detoxify-ever-clean.html,product,available,Shop / Product Catalog,products/detoxify-ever-clean.html,rebuilt detail page,
product-page/detoxify-green-clean.html,product,available,Shop / Product Catalog,products/detoxify-green-clean.html,rebuilt detail page,
product-page/detoxify-instant-clean.html,product,available,Shop / Product Catalog,products/detoxify-instant-clean.html,rebuilt detail page,
product-page/detoxify-mega-clean.html,product,available,Shop / Product Catalog,products/detoxify-mega-clean.html,rebuilt detail page,
product-page/detoxify-mighty-clean.html,product,available,Shop / Product Catalog,products/detoxify-mighty-clean.html,rebuilt detail page,
product-page/detoxify-pre-cleanse-caps.html,product,available,Shop / Product Catalog,products/detoxify-pre-cleanse-caps.html,rebuilt detail page,
product-page/detoxify-ready-clean-grape-tropical-orange.html,product,available,Shop / Product Catalog,products/detoxify-ready-clean-grape-tropical-orange.html,rebuilt detail page,
product-page/detoxify-xxtra-clean.html,product,available,Shop / Product Catalog,products/detoxify-xxtra-clean.html,rebuilt detail page,
product-page/dr-dabber-switch.html,product,available,Shop / Product Catalog,products/dr-dabber-switch.html,rebuilt detail page,
product-page/dr-greens-cool-rinse-mouthwash.html,product,available,Shop / Product Catalog,products/dr-greens-cool-rinse-mouthwash.html,rebuilt detail page,
product-page/dr-greens-field-kit.html,product,available,Shop / Product Catalog,products/dr-greens-field-kit.html,rebuilt detail page,
product-page/e-cig-hibron-h10.html,product,available,Shop / Product Catalog,products/e-cig-hibron-h10.html,rebuilt detail page,
product-page/e-pipe-mod.html,product,available,Shop / Product Catalog,products/e-pipe-mod.html,rebuilt detail page,
product-page/evolve-d-dry-herb-pen-from-yocan.html,product,available,Shop / Product Catalog,products/evolve-d-dry-herb-pen-from-yocan.html,rebuilt detail page,
product-page/g-pen-slim-quartz.html,product,available,Shop / Product Catalog,products/g-pen-slim-quartz.html,rebuilt detail page,
product-page/glass-pipe-1.html,product,available,Shop / Product Catalog,products/glass-pipe-1.html,rebuilt detail page,
product-page/glass-pipe-2.html,product,available,Shop / Product Catalog,products/glass-pipe-2.html,rebuilt detail page,
product-page/glass-pipe.html,product,available,Shop / Product Catalog,products/glass-pipe.html,rebuilt detail page,
product-page/grinder-rasta.html,product,available,Shop / Product Catalog,products/grinder-rasta.html,rebuilt detail page,
product-page/grinder-sm-metal.html,product,available,Shop / Product Catalog,products/grinder-sm-metal.html,rebuilt detail page,
product-page/grinder-sm-plastic.html,product,available,Shop / Product Catalog,products/grinder-sm-plastic.html,rebuilt detail page,
product-page/grinder.html,product,available,Shop / Product Catalog,products/grinder.html,rebuilt detail page,
product-page/high-voltage-2-pk-32-oz.html,product,available,Shop / Product Catalog,products/high-voltage-2-pk-32-oz.html,rebuilt detail page,
product-page/high-voltage-double-flush.html,product,available,Shop / Product Catalog,products/high-voltage-double-flush.html,rebuilt detail page,
product-page/high-voltage-mouthwash.html,product,available,Shop / Product Catalog,products/high-voltage-mouthwash.html,rebuilt detail page,
product-page/high-voltage-permanent-tropical-5-day-cleanse.html,product,available,Shop / Product Catalog,products/high-voltage-permanent-tropical-5-day-cleanse.html,rebuilt detail page,
product-page/high-voltage-regular-strength-16-oz.html,product,available,Shop / Product Catalog,products/high-voltage-regular-strength-16-oz.html,rebuilt detail page,
product-page/high-voltage-shampoo.html,product,available,Shop / Product Catalog,products/high-voltage-shampoo.html,rebuilt detail page,
product-page/high-voltage-xl-shot.html,product,available,Shop / Product Catalog,products/high-voltage-xl-shot.html,rebuilt detail page,
product-page/hip-vape.html,product,available,Shop / Product Catalog,products/hip-vape.html,rebuilt detail page,
product-page/hookah-coals.html,product,available,Shop / Product Catalog,products/hookah-coals.html,rebuilt detail page,
product-page/i-o-lite-vaporizer.html,product,available,Shop / Product Catalog,products/i-o-lite-vaporizer.html,rebuilt detail page,
product-page/just-chill-jungle.html,product,available,Shop / Product Catalog,products/just-chill-jungle.html,rebuilt detail page,
product-page/just-chill-strawberry.html,product,available,Shop / Product Catalog,products/just-chill-strawberry.html,rebuilt detail page,
product-page/k-stick-supreme.html,product,available,Shop / Product Catalog,products/k-stick-supreme.html,rebuilt detail page,
product-page/kamry-30-box.html,product,available,Shop / Product Catalog,products/kamry-30-box.html,rebuilt detail page,
product-page/levo-ii.html,product,available,Shop / Product Catalog,products/levo-ii.html,rebuilt detail page,
product-page/metal-pipe.html,product,available,Shop / Product Catalog,products/metal-pipe.html,rebuilt detail page,
product-page/mini-2-hose-hookah.html,product,available,Shop / Product Catalog,products/mini-2-hose-hookah.html,rebuilt detail page,
product-page/nail-crown-silk-lblue.html,product,available,Shop / Product Catalog,products/nail-crown-silk-lblue.html,rebuilt detail page,
product-page/naked-vape-juice.html,product,available,Shop / Product Catalog,products/naked-vape-juice.html,rebuilt detail page,
product-page/nano-nbw-waxy-kit.html,product,available,Shop / Product Catalog,products/nano-nbw-waxy-kit.html,rebuilt detail page,
product-page/p-sure.html,product,available,Shop / Product Catalog,products/p-sure.html,rebuilt detail page,
product-page/pax-3.html,product,available,Shop / Product Catalog,products/pax-3.html,rebuilt detail page,
product-page/phoenix-drip-tip.html,product,available,Shop / Product Catalog,products/phoenix-drip-tip.html,rebuilt detail page,
product-page/plastic-grinder.html,product,available,Shop / Product Catalog,products/plastic-grinder.html,rebuilt detail page,
product-page/q-carbo-32.html,product,available,Shop / Product Catalog,products/q-carbo-32.html,rebuilt detail page,
product-page/randy-aqua-pilot.html,product,available,Shop / Product Catalog,products/randy-aqua-pilot.html,rebuilt detail page,
product-page/raw-classic-artesano-1.html,product,available,Shop / Product Catalog,products/raw-classic-artesano-1.html,rebuilt detail page,
product-page/raw-classic-king-size-rolls.html,product,available,Shop / Product Catalog,products/raw-classic-king-size-rolls.html,rebuilt detail page,
product-page/raw-classic-kingsize-slim.html,product,available,Shop / Product Catalog,products/raw-classic-kingsize-slim.html,rebuilt detail page,
product-page/raw-classic-single-wide.html,product,available,Shop / Product Catalog,products/raw-classic-single-wide.html,rebuilt detail page,
product-page/raw-hemp-plastic-roller.html,product,available,Shop / Product Catalog,products/raw-hemp-plastic-roller.html,rebuilt detail page,
product-page/raw-hemp-wick-10ft.html,product,available,Shop / Product Catalog,products/raw-hemp-wick-10ft.html,rebuilt detail page,
product-page/raw-organic-hemp-1.html,product,available,Shop / Product Catalog,products/raw-organic-hemp-1.html,rebuilt detail page,
product-page/raw-pre-rolled-tips.html,product,available,Shop / Product Catalog,products/raw-pre-rolled-tips.html,rebuilt detail page,
product-page/raw-rolling-mat.html,product,available,Shop / Product Catalog,products/raw-rolling-mat.html,rebuilt detail page,
product-page/small-glass-pipe.html,product,available,Shop / Product Catalog,products/small-glass-pipe.html,rebuilt detail page,
product-page/snail-lookah.html,product,available,Shop / Product Catalog,products/snail-lookah.html,rebuilt detail page,
product-page/stat-1-hr-flush-caps.html,product,available,Shop / Product Catalog,products/stat-1-hr-flush-caps.html,rebuilt detail page,
product-page/studs.html,product,available,Shop / Product Catalog,products/studs.html,rebuilt detail page,
product-page/the-yocan-evolve-dual-quartz-wax-pen.html,product,available,Shop / Product Catalog,products/the-yocan-evolve-dual-quartz-wax-pen.html,rebuilt detail page,
product-page/the-yocan-evolve-plus.html,product,available,Shop / Product Catalog,products/the-yocan-evolve-plus.html,rebuilt detail page,
product-page/ultra-eliminex.html,product,available,Shop / Product Catalog,products/ultra-eliminex.html,rebuilt detail page,
product-page/vapir-oxygen-w-battery.html,product,available,Shop / Product Catalog,products/vapir-oxygen-w-battery.html,rebuilt detail page,
product-page/vaporizer-arizer-solo.html,product,available,Shop / Product Catalog,products/vaporizer-arizer-solo.html,rebuilt detail page,
product-page/vitacig.html,product,available,Shop / Product Catalog,products/vitacig.html,rebuilt detail page,
product-page/wp-sillicon-1.html,product,available,Shop / Product Catalog,products/wp-sillicon-1.html,rebuilt detail page,
product-page/wp-sillicon-10-geometric.html,product,available,Shop / Product Catalog,products/wp-sillicon-10-geometric.html,rebuilt detail page,
product-page/wp-sillicon-2.html,product,available,Shop / Product Catalog,products/wp-sillicon-2.html,rebuilt detail page,
product-page/wp-sillicon-elephant.html,product,available,Shop / Product Catalog,products/wp-sillicon-elephant.html,rebuilt detail page,
product-page/wp-sillicon-glow.html,product,available,Shop / Product Catalog,products/wp-sillicon-glow.html,rebuilt detail page,
product-page/wp-sillicon-heart.html,product,available,Shop / Product Catalog,products/wp-sillicon-heart.html,rebuilt detail page,
product-page/wp-sillicon-jar.html,product,available,Shop / Product Catalog,products/wp-sillicon-jar.html,rebuilt detail page,
product-page/wp-sillicon-l-n-monster.html,product,available,Shop / Product Catalog,products/wp-sillicon-l-n-monster.html,rebuilt detail page,
product-page/wp-sillicon-pad.html,product,available,Shop / Product Catalog,products/wp-sillicon-pad.html,rebuilt detail page,
product-page/wp-sillicon-pipe-metal.html,product,available,Shop / Product Catalog,products/wp-sillicon-pipe-metal.html,rebuilt detail page,
product-page/wp-sillicon-pumpkin.html,product,available,Shop / Product Catalog,products/wp-sillicon-pumpkin.html,rebuilt detail page,
product-page/wp-sillicon-rasta.html,product,available,Shop / Product Catalog,products/wp-sillicon-rasta.html,rebuilt detail page,
product-page/wp-sillicon-riffle.html,product,available,Shop / Product Catalog,products/wp-sillicon-riffle.html,rebuilt detail page,
product-page/wp-sillicon-skull-pink.html,product,available,Shop / Product Catalog,products/wp-sillicon-skull-pink.html,rebuilt detail page,
product-page/wp-sillicon-skull.html,product,available,Shop / Product Catalog,products/wp-sillicon-skull.html,rebuilt detail page,
product-page/wp-sillicon.html,product,available,Shop / Product Catalog,products/wp-sillicon.html,rebuilt detail page,
product-page/yocan-nyx.html,product,available,Shop / Product Catalog,products/yocan-nyx.html,rebuilt detail page,
product-page/zydot-shampoo.html,product,available,Shop / Product Catalog,products/zydot-shampoo.html,rebuilt detail page,
profile/diversitytattoo702/blog-comments.html,profile,available,Utility / Member Account,utility/account-unavailable.html,intentionally excluded utility route,yes
profile/diversitytattoo702/blog-likes.html,profile,available,Utility / Member Account,utility/account-unavailable.html,intentionally excluded utility route,yes
profile/diversitytattoo702/blog-posts.html,profile,available,Utility / Member Account,utility/account-unavailable.html,intentionally excluded utility route,yes
profile/diversitytattoo702/profile.html,profile,available,Utility / Member Account,utility/account-unavailable.html,intentionally excluded utility route,yes
reviews.html,static_page,available,Reviews,reviews/index.html,rebuilt section page,
shop.11a4aa134b.html,shop_page,available,Shop / Product Catalog,shop/index.html,redirect to rebuilt destination,
shop.1d9c95299e.html,shop_page,available,Shop / Product Catalog,shop/index.html,redirect to rebuilt destination,
shop.6066c9f139.html,shop_page,available,Shop / Product Catalog,shop/index.html,redirect to rebuilt destination,
shop.68c4a30e84.html,shop_page,available,Shop / Product Catalog,shop/index.html,redirect to rebuilt destination,
shop.b941a131dc.html,shop_page,available,Shop / Product Catalog,shop/index.html,redirect to rebuilt destination,
shop.e397427b93.html,shop_page,available,Shop / Product Catalog,shop/index.html,redirect to rebuilt destination,
shop.html,shop_page,available,Shop / Product Catalog,shop/index.html,rebuilt section page,
smoke-shop.html,static_page,available,Smoke Shop,smoke-shop/index.html,rebuilt section page,
tank.html,static_page,available,Artists,artists/tank.html,rebuilt detail page,
toothgems.html,static_page,available,Tooth Gems,tooth-gems/index.html,rebuilt section page,
